key,scanner_id,trend_regime_at_entry,volatility_regime_at_entry,change_point_window_at_entry,trades,average_net_bps,net_bps,profit_factor,win_rate,average_prediction_probability,shap_expected_move_bps,shap_expected_net_bps,shap_scalper_probability,shap_confidence,shap_expected_fee_multiple,shap_atr_percentile_at_entry,shap_atr_bps_at_entry,shap_bb_width_percentile_at_entry,shap_planned_stop_bps,shap_planned_target_bps,shap_change_point_bars_since_shift,shap_change_point_return_score,shap_change_point_volatility_score,shap_cusum_alarm_recent_at_entry,shap_scanner_id,shap_symbol,shap_side,shap_regime_at_entry,shap_trend_regime_at_entry,shap_trend_direction_at_entry,shap_volatility_regime_at_entry,shap_session_regime_at_entry,shap_change_point_window_at_entry,shap_hour_utc
delta_imbalance_fade_v1 | weak_trend | high | 00-30m,delta_imbalance_fade_v1,weak_trend,high,00-30m,69,-5.971876914992367,-412.05950713447334,0.4797084338393387,0.4057971014492754,0.40861146692138944,-0.011543103640112936,0.007192869644033054,0.010242835942174573,0.00526856309185718,0.0033920868901675797,-0.00496084459795589,-0.0035143233348776527,-0.0005766524222594512,0.013420151948528008,-0.00376721913460861,0.008731728996130768,-0.0034555040889353047,-9.427633085768381e-05,0.0,0.19978631176088266,0.001592076685927503,9.96595043210203e-05,0.0038121027517681702,-0.00215213334858592,0.0005218187053248791,0.0,0.00011815183175980756,0.0,-0.00014913047161389567
delta_imbalance_fade_v1 | weak_trend | high | 04h+,delta_imbalance_fade_v1,weak_trend,high,04h+,40,-5.88258511477532,-235.3034045910128,0.4178190743205047,0.45,0.3973089708042432,0.0008499430943928743,0.009402628868397359,0.008762372125046913,0.003970275886037992,0.004264596342511501,-0.004844023294456543,-0.017660022181178053,-0.001147966925378549,0.007582709260634743,0.014144929355784522,-0.017590675651831766,-0.009682151015482945,0.00055215911781051,0.0,0.17755622277860975,0.00028655829300596277,-0.0005643539895299487,0.0010934022852212358,-0.0020529703210305566,0.0018675142364902738,0.0,0.0004889036907135214,0.0,0.00016914719042748116
delta_imbalance_fade_v1 | strong_trend | high | 00-30m,delta_imbalance_fade_v1,strong_trend,high,00-30m,107,-6.475332694325023,-692.8605982927775,0.46571423324882527,0.38317757009345793,0.3971587456472147,-0.023218747290035736,0.000999940435102535,0.009086021601497806,0.00471227699156409,0.001866544851078543,-0.00557263153613887,-0.00752453860345333,0.0005485030388327077,0.014239559027591782,-0.018560125428629216,0.00852116694879124,-0.0016743992469581259,-0.0012211016554452914,0.0,0.18871338086934492,0.0014243422320266792,0.0005232948340696662,0.003814335416821939,-0.0021375131522991375,0.0013746629860382277,0.0,-0.00021288370946781986,0.0,-0.0003640284541226201
delta_momentum_burst_v1 | range | high | 30-60m,delta_momentum_burst_v1,range,high,30-60m,41,-5.171031024111404,-212.01227198856756,0.4423243575064878,0.36585365853658536,0.35816949093188494,0.004849455451334076,0.012687913201068619,-0.004810262150483637,0.013833968310620013,0.002975020886416885,-0.0018819268686610302,0.0027473504121284637,-0.0016317058009102635,0.008848171861608769,0.004789538706328535,0.004650044997708271,-0.00357670961148097,-0.00012567854977727565,0.0,-0.06529448294575699,-0.0009944781353517056,0.0006053730811052706,0.008685405461148215,0.015009081647357127,0.00041678384129947854,0.0,0.002736953453763059,0.0,0.008406114297522001
delta_momentum_burst_v1 | weak_trend | low | 01-04h,delta_momentum_burst_v1,weak_trend,low,01-04h,52,-6.644932476691617,-345.53648878796406,0.3200679271007063,0.3269230769230769,0.3482901168727014,0.005009712873473401,0.010710745242329938,0.0005226031908347566,1.2482942396367831e-05,0.0022834830154826614,0.007528917311728918,0.0049712281377626575,0.0010720731811378753,0.008622490864811526,0.002333915591467465,-0.0028690564554621056,0.003378149070330099,-0.0005007020609992388,0.0,-0.06936019639262508,-0.00010126571344015996,0.0008509059420669763,-0.0029757518138551747,-0.001613518327619856,0.0018443370043768326,0.0,-0.0009856538425149165,0.0,-0.0010258579319227458
delta_momentum_burst_v1 | range | medium | 01-04h,delta_momentum_burst_v1,range,medium,01-04h,79,-6.875575522615659,-543.1704662866371,0.3052621064067035,0.3291139240506329,0.3477994544851946,0.003914093777035216,0.01011759822083574,-0.0020959367903074016,0.001205134855886296,0.002152668092979026,0.003100462824433251,0.0022067251269587322,0.0006791573296157864,0.007816174796063917,0.0028211017826651366,-0.0019646742525042666,-0.002132169555388605,0.00022841733321087859,0.0,-0.07110941974340446,-0.00022060451619969446,0.00047760732698000043,-0.00044052986274496916,0.011014252572443532,0.0006769527616066872,0.0,-0.0006436593978378315,0.0,-0.0004551931940149012
delta_momentum_burst_v1 | range | low | 01-04h,delta_momentum_burst_v1,range,low,01-04h,42,-8.693210185567224,-365.1148277938234,0.17851755929227475,0.23809523809523808,0.3471963666174621,0.005035703885003621,0.012941440514109892,-0.0022929567375457646,-0.013263049257705418,0.0029861317252649795,0.009122349074513895,0.002956485742516489,0.0020508075455756922,0.00971242936723855,0.0046231486892255496,-0.0025636967564292537,0.002919733019292829,-0.0006084029175324831,0.0,-0.07003306801397878,0.0006522993983858807,0.0003792896018131227,-0.00572147852838591,0.00860708266564679,-3.263497644340306e-05,0.0,-0.000881871771528514,0.0,-0.0018753392182873647
delta_momentum_burst_v1 | strong_trend | high | 04h+,delta_momentum_burst_v1,strong_trend,high,04h+,79,-7.091347491331453,-560.2164518151848,0.3149771876475827,0.31645569620253167,0.3458111450149113,0.0036247062897395,0.011596829624667803,0.0015386530853252227,0.005215274039287686,0.002167974811526613,-0.002476378545773971,0.0027521585323621992,-0.0030157017733458257,0.007563650016237926,0.0009508504269298557,-0.004802525831616339,-0.007045875326186504,9.337390135803125e-05,0.0,-0.06183174743462162,-0.00041277921623771995,0.0009916436132753777,0.0009527490892657242,-0.0055766117583565256,0.0024852169728662526,0.0,0.000872565754557156,0.0,0.002476640972378269
delta_momentum_burst_v1 | strong_trend | medium | 01-04h,delta_momentum_burst_v1,strong_trend,medium,01-04h,84,-7.295520819079237,-612.8237488026559,0.2959612058682321,0.30952380952380953,0.3444791248480402,0.004441892407872457,0.010578869597391941,-0.0007230859925621204,0.0004833362040869332,0.0015342564556466282,0.002940014651432406,0.0023733950621071163,-0.000970658377005192,0.00993705530549435,0.00186595790252632,-0.0023017250592008553,0.0018475000236569282,0.0003614937160557138,0.0,-0.07362981407658038,0.00046821974744184564,0.0010986922093283332,-0.0019227629867777773,-0.005806267139836121,0.0011889760002269884,0.0,-0.0006819933017779146,0.0,-0.0005645318071749782
delta_momentum_burst_v1 | weak_trend | medium | 01-04h,delta_momentum_burst_v1,weak_trend,medium,01-04h,99,-6.898044229744352,-682.9063787446909,0.3171935060314346,0.32323232323232326,0.34447192071920707,0.004536574045785299,0.009414051334910472,-0.001899408524473724,-0.0008902433461106447,0.0018914087486148897,0.003162476604186647,0.004612606468689525,-0.0008358080955812084,0.008102465829949564,0.0025283723084292163,-0.0019661995336408516,-0.0017197948546998439,0.0004732060974423586,0.0,-0.07308310121398424,0.0001622687084473591,0.0017116881330807032,-0.0010262418131389557,-0.002360729694101882,0.0020972911500120664,0.0,-0.0010361759142166894,0.0,-0.001269440231713608
delta_momentum_burst_v1 | weak_trend | high | 30-60m,delta_momentum_burst_v1,weak_trend,high,30-60m,70,-7.855826993294599,-549.9078895306219,0.3004184725106339,0.3142857142857143,0.3440562763528369,0.003944981099083391,0.0004739473383565378,-0.006417306577443585,0.008348969216027563,-0.0003797690488097081,-0.0021836273405454287,0.004347458770227413,-0.0023780886620730552,0.008538846900555426,0.0013025840574628113,0.0038853221678625325,-0.005305865172441392,6.260448196596768e-05,0.0,-0.0705351340506362,-0.0008517416072816175,0.0016567989460484994,0.004941254056849811,-0.00529422038820347,0.001494029256260335,0.0,0.002478566173949677,0.0,0.002227741343506073
delta_momentum_burst_v1 | range | high | 00-30m,delta_momentum_burst_v1,range,high,00-30m,47,-8.047465596655117,-378.2308830427905,0.3231551548013522,0.2978723404255319,0.34387836595627524,-0.00822296602977382,-0.019120022089393094,-0.0016059885475599998,0.012143088750466338,-0.005485327468923397,-0.002541188930120159,0.004890652086664022,-0.0021977370213481016,0.0011630519382557943,-0.009723636112999473,0.004666430333149237,0.002049435811591691,-0.001632374603289617,0.0,-0.06398052857995702,-0.0008582496433560086,-0.0013255301637102286,0.008590718952681972,0.01847524830980113,0.0020795015708116515,0.0,0.004337573661378898,0.0,0.005786963426478527
delta_momentum_burst_v1 | range | high | 04h+,delta_momentum_burst_v1,range,high,04h+,49,-10.022020512877942,-491.0790051310192,0.1941101419515686,0.20408163265306123,0.34294531580786697,-0.004909541845987347,-0.002796938892237014,-0.0034934510837791683,0.004041112488772892,-0.001824937340171511,-0.002378868345898888,0.0017907262779200033,-0.0006048090310708272,0.005618471535040211,-0.004302927349601872,-0.003469938493243807,-0.0033218714320779157,0.0004981380239965545,0.0,-0.06193506545265182,-0.00033049233707553957,-0.001956448700708527,-0.0007184220099863857,0.013871986211165439,0.0006132517692439944,0.0,0.0023850195757116853,0.0,0.006901905953340821
delta_momentum_burst_v1 | weak_trend | medium | 04h+,delta_momentum_burst_v1,weak_trend,medium,04h+,76,-5.9368670116498405,-451.20189288538785,0.3635863348421101,0.35526315789473684,0.3423073815377446,0.004931675769352093,0.008963018419135767,-0.003139595954147107,-0.010865755865716923,0.002064182266637839,0.002713697093979323,0.003919028126615795,-0.0010065276607970017,0.008438386462701545,0.0033032764486932986,-0.0035005224052737684,-0.000325241923435253,-0.0006235684339217709,0.0,-0.06745662407067203,-0.00014986525716817383,0.0007125441187071152,-0.003063178227987015,-0.0019947483980513794,0.0005280336402247803,0.0,-0.00088364717710085,0.0,0.00011710367742847555
delta_momentum_burst_v1 | strong_trend | high | 01-04h,delta_momentum_burst_v1,strong_trend,high,01-04h,58,-7.625073303546193,-442.2542516056792,0.30181590673173647,0.3275862068965517,0.3418546169060412,0.004484163204943174,0.0033994116496956863,0.0015879301621950222,0.011051694118424807,-0.0005173932402133835,-0.0021979717655101053,0.001797870189721172,-0.0024609121933900895,0.008907184922026534,3.8585074716413236e-05,-0.001901530992507653,-0.0072543998149041744,9.460820919825311e-05,0.0,-0.07230319403050535,-0.0005452003615081982,0.0012553724690856688,0.0028914716321671117,-0.0066167368706473596,0.0002051170511526856,0.0,-0.000545348051133841,0.0,-0.0005535472906277285
delta_momentum_burst_v1 | strong_trend | high | 30-60m,delta_momentum_burst_v1,strong_trend,high,30-60m,79,-5.5166616666758825,-435.8162716673947,0.47023966426271213,0.35443037974683544,0.34094761636499193,0.001661102964012988,-0.006574979291400244,-0.004366744406825973,0.01084598277237319,-0.0025269715206776115,-0.0022798173960783936,0.00440890828670543,-0.002559757658971705,0.003548819333097363,-0.0032576718372941235,0.004121571360182458,1.06700032510947e-05,-0.0003389032517248342,0.0,-0.07168956842375314,-0.00018273306511497849,-7.353606528839414e-05,0.006336321815829051,-0.007115311329384022,0.0027493776910630617,0.0,0.0014914183645872718,0.0,0.001486380564000766
delta_momentum_burst_v1 | weak_trend | high | 04h+,delta_momentum_burst_v1,weak_trend,high,04h+,94,-7.787836211748094,-732.0566039043208,0.29456531627431437,0.2872340425531915,0.33994948282689297,0.0016403331978508784,0.003044201969240511,-0.0033564237033302104,0.0014632606832704325,-0.0013133730688375854,-0.002410618568158484,0.0019491182507687334,-0.0035023177162618133,0.008251204354787886,-0.0016623448943247675,-0.004488364668486614,-0.011211798881192458,0.0005970730439376532,0.0,-0.0619035526214347,0.00016442959222732668,0.002247885493592308,0.0011157131935412568,-0.00446653883807887,0.001616435706235843,0.0,0.0018043191960409283,0.0,0.002528052901695939
delta_momentum_burst_v1 | weak_trend | high | 01-04h,delta_momentum_burst_v1,weak_trend,high,01-04h,49,-8.433322594993927,-413.2328071547024,0.26124227553088875,0.2653061224489796,0.33938491211648364,-0.0003012724637922625,-0.0011991711176952597,-0.004825108865543798,0.007031339216400722,-0.003123271166309239,-0.0023022230785566013,0.0015302824738748252,-0.002259735757541911,0.005825040408221389,-0.004647164206694969,-0.002210730087882824,-0.008399205865356384,0.0023688212797846205,0.0,-0.06668872702249545,-0.00026847253556902816,0.004966472130868761,0.002937517471680353,-0.004500761529754577,0.002383661833932276,0.0,0.0013034133611872574,0.0,0.0019452480660973014
delta_momentum_burst_v1 | strong_trend | high | 00-30m,delta_momentum_burst_v1,strong_trend,high,00-30m,115,-6.64623363858457,-764.3168684372255,0.390068817588085,0.34782608695652173,0.33583508905378273,-0.005391869184762482,-0.013912321111833647,-0.0030973771734572864,0.007369767801360994,-0.00508949832927654,-0.0024767645141635744,0.005552040708924625,-0.0024255206536744037,0.005455304407402134,-0.009828886931531573,0.004740367317060184,-0.0004987567222478947,-0.0016225773361672176,0.0,-0.06887438572363208,-0.0006092682401504158,0.0012792632155164754,0.003803412890481012,-0.006554238362264966,0.0010404023885985196,0.0,0.001359141883174183,0.0,0.0016751515203788946
delta_momentum_burst_v1 | weak_trend | high | 00-30m,delta_momentum_burst_v1,weak_trend,high,00-30m,131,-8.566515545399518,-1122.213536447337,0.3178529349105639,0.2595419847328244,0.3314823671240171,-0.005376210844457267,-0.020873369532421627,-0.0037853087060094027,0.009588811942229608,-0.006627907545157852,-0.0023825445927698214,0.003710523983436765,-0.0027028884149790234,0.0011662672688088605,-0.013398131156630378,0.004740180859224678,-0.006166494955724508,-0.0004790744427284344,0.0,-0.07064671234919404,-0.0008572779594493823,0.0003248767016081414,0.005381929646225597,-0.0057602283017665614,0.001363942107010572,0.0,0.0028518594201901114,0.0,0.0017419597228309712
